i,O,E,Oi_minus_Ei,Oi_minus_Ei_square,Oi_minus_Ei_square_by_Ei
0,31,30.939169590307042,0.06083040969295794,0.0037003387434131115,0.00011960045445345094
1,15,14.85080140334738,0.1491985966526208,0.022260221243111434,0.0014989239057559525
2,3,3.564192336803371,-0.5641923368033712,0.31831299290764864,0.08930859022976718
3,1,0.6458366637551098,0.35416333624489016,0.12543166874011114,0.1942157758756054
